{
  "Routes": [
    {
      "DownstreamPathTemplate": "/api/engineer",
      "DownstreamScheme": "http",
      "DownstreamHostAndPorts": [
        {
          "Host": "localhost",
          "Port": 65331
        }
      ],
      "UpstreamPathTemplate": "/api/engineer/v1/add-profile",
      "UpstreamHttpMethod": [ "POST" ]
    },
    //{
    //  "DownstreamPathTemplate": "/api/engineer/GetAll/{id}",
    //  "DownstreamScheme": "http",
    //  "DownstreamHostAndPorts": [
    //    {
    //      "Host": "localhost",
    //      "Port": 65331
    //    }
    //  ],
    //  "UpstreamPathTemplate": "/api/engineer/v1/get-profile/{id}",
    //  "UpstreamHttpMethod": [ "POST" ]
    //},

    {
      "DownstreamPathTemplate": "/api/engineer/{userId}",
      "DownstreamScheme": "http",
      "DownstreamHostAndPorts": [
        {
          "Host": "localhost",
          "Port": 65331
        }
      ],
      "UpstreamPathTemplate": "/api/engineer/v1/update-profile/{userId}",
      "UpstreamHttpMethod": [ "PUT" ]
    },
    {
      "DownstreamPathTemplate": "/api/admin/{userId}/{userName}/{skill}",
      "DownstreamScheme": "http",
      "DownstreamHostAndPorts": [
        {
          "Host": "localhost",
          "Port": 54977
        }
      ],
      "UpstreamPathTemplate": "/api/admin/v1/search-profile/{userId}/{userName}/{skill}",
      "UpstreamHttpMethod": [ "GET" ]
    }
  ],
  "GlobalConfiguration": {
    "ServiceDiscoveryProvider": {
      "Host": "localhost",
      "Port": 57215
    }
  }
}
