{
  "Routes": [
    {
      "DownstreamPathTemplate": "/api/engineer",
      "DownstreamScheme": "http",
      "DownstreamHostAndPorts": [
        {
          "Host": "localhost",
          "Port": 5002
        }
      ],
      "UpstreamPathTemplate": "/api/engineer/v1/add-profile",
      "UpstreamHttpMethod": [ "POST" ]
    },
    {
      "DownstreamPathTemplate": "/api/engineer/{userId}",
      "DownstreamScheme": "http",
      "DownstreamHostAndPorts": [
        {
          "Host": "localhost",
          "Port": 5002
        }
      ],
      "UpstreamPathTemplate": "/api/engineer/v1/update-profile/{userId}",
      "UpstreamHttpMethod": [ "PUT" ]
    },
    {
      "DownstreamPathTemplate": "/api/admin/{criteria}/{criteriaValue}",
      "DownstreamScheme": "http",
      "DownstreamHostAndPorts": [
        {
          "Host": "localhost",
          "Port": 5000
        }
      ],
      "UpstreamPathTemplate": "/api/admin/v1/search-profile/{criteria}/{criteriaValue}",
      "UpstreamHttpMethod": [ "GET" ]
    }
  ],
  "GlobalConfiguration": {
    "ServiceDiscoveryProvider": {
      "Host": "localhost",
      "Port": 5001
    }
  }
}

